epoch,time,train/ce_loss,train/dice_loss,train/aux_loss,metrics/mIoU,metrics/pixel_acc,val/ce_loss,val/dice_loss,val/aux_loss,lr/pg0,lr/pg1,lr/pg2
1,35.807,2.12253,0.91993,0.92595,0.06762,0.33011,1.99538,0.91393,0,7.497e-05,7.497e-05,7.497e-05
2,69.1348,1.44177,0.874,0.81937,0.18283,0.70845,1.09948,0.82749,0,0.000157487,0.000157487,0.000157487
3,103.222,0.87203,0.81688,0.62063,0.20391,0.82456,0.87645,0.79399,0,0.000239178,0.000239178,0.000239178
4,134.13,0.58596,0.77421,0.42014,0.21423,0.85259,0.77374,0.76969,0,0.000320046,0.000320046,0.000320046
5,165.469,0.4182,0.73704,0.29461,0.26363,0.88133,0.59879,0.73188,0,0.000400088,0.000400088,0.000400088
6,219.994,0.27367,0.694,0.21911,0.30522,0.90944,0.43671,0.69566,0,0.000479306,0.000479306,0.000479306
7,295.746,0.21501,0.66034,0.17778,0.32389,0.92063,0.37078,0.67497,0,0.000557699,0.000557699,0.000557699
8,351.619,0.16242,0.61815,0.14664,0.37795,0.93514,0.27646,0.62685,0,0.000635268,0.000635268,0.000635268
9,412.445,0.14258,0.57738,0.13052,0.4054,0.9371,0.28158,0.60115,0,0.000712012,0.000712012,0.000712012
10,476.542,0.12506,0.53774,0.12165,0.48663,0.9354,0.30942,0.53268,0,0.000787931,0.000787931,0.000787931
11,537.181,0.10525,0.46161,0.10692,0.4697,0.91694,0.3896,0.52363,0,0.000791767,0.000791767,0.000791767
12,573.533,0.09939,0.42449,0.09686,0.48057,0.91344,0.39904,0.49439,0,0.000787643,0.000787643,0.000787643
13,623.875,0.08959,0.37835,0.08523,0.51688,0.91993,0.36343,0.45734,0,0.00078352,0.00078352,0.00078352
14,682.496,0.07251,0.34857,0.07549,0.60625,0.93414,0.32497,0.41765,0,0.000779396,0.000779396,0.000779396
15,732.335,0.0718,0.31747,0.07061,0.61389,0.93984,0.31393,0.40187,0,0.000775273,0.000775273,0.000775273
16,767.965,0.06935,0.30972,0.0662,0.62614,0.94265,0.27727,0.38403,0,0.00077115,0.00077115,0.00077115
17,831.548,0.06082,0.26933,0.06,0.63875,0.95032,0.21554,0.35735,0,0.000767026,0.000767026,0.000767026
18,893.661,0.05469,0.25553,0.05359,0.65991,0.96014,0.16026,0.31851,0,0.000762903,0.000762903,0.000762903
19,947.002,0.04896,0.26605,0.04879,0.65961,0.9626,0.1469,0.30298,0,0.00075878,0.00075878,0.00075878
20,1013.24,0.04996,0.24855,0.04593,0.69735,0.9654,0.13159,0.27982,0,0.000754656,0.000754656,0.000754656
21,1073.13,0.04532,0.22287,0.04267,0.72036,0.96918,0.10976,0.26498,0,0.000750533,0.000750533,0.000750533
22,1133.05,0.04256,0.20648,0.04046,0.6957,0.97077,0.09665,0.27239,0,0.00074641,0.00074641,0.00074641
23,1190.4,0.03945,0.21296,0.0371,0.69336,0.96952,0.10072,0.27416,0,0.000742286,0.000742286,0.000742286
24,1234.22,0.04054,0.18961,0.03611,0.70537,0.97039,0.09702,0.26547,0,0.000738163,0.000738163,0.000738163
25,1266.21,0.03718,0.19456,0.03252,0.71876,0.97152,0.09409,0.25846,0,0.00073404,0.00073404,0.00073404
26,1320.54,0.03331,0.19123,0.03029,0.73239,0.97397,0.08655,0.24832,0,0.000729916,0.000729916,0.000729916
27,1383.85,0.03755,0.18992,0.03065,0.72202,0.97592,0.07892,0.24852,0,0.000725793,0.000725793,0.000725793
28,1437.67,0.03286,0.15822,0.02866,0.74387,0.97684,0.0748,0.23828,0,0.00072167,0.00072167,0.00072167
29,1487.01,0.0327,0.21839,0.02726,0.76719,0.97695,0.07493,0.22885,0,0.000717546,0.000717546,0.000717546
30,1519.48,0.03214,0.16588,0.02658,0.77344,0.97729,0.07844,0.22589,0,0.000713423,0.000713423,0.000713423
31,1551.76,0.03089,0.20384,0.02543,0.76808,0.97792,0.07243,0.22828,0,0.000709299,0.000709299,0.000709299
32,1584.25,0.02818,0.18776,0.02376,0.7703,0.97777,0.07206,0.22663,0,0.000705176,0.000705176,0.000705176
33,1621.62,0.02915,0.13945,0.02313,0.77286,0.9768,0.0737,0.22387,0,0.000701053,0.000701053,0.000701053
34,1656.87,0.0309,0.12905,0.02329,0.75734,0.97816,0.0708,0.22816,0,0.000696929,0.000696929,0.000696929
35,1689.76,0.02778,0.17375,0.02205,0.73413,0.97827,0.07052,0.23427,0,0.000692806,0.000692806,0.000692806
36,1721.24,0.02705,0.14294,0.02144,0.74978,0.97789,0.07227,0.23318,0,0.000688683,0.000688683,0.000688683
37,1755.88,0.0271,0.13971,0.02137,0.7548,0.97828,0.07187,0.23439,0,0.000684559,0.000684559,0.000684559
38,1830.89,0.02516,0.13026,0.02123,0.7562,0.97823,0.07352,0.23404,0,0.000680436,0.000680436,0.000680436
39,1905.84,0.02442,0.12604,0.02031,0.75393,0.9783,0.0741,0.23699,0,0.000676313,0.000676313,0.000676313
40,1966.06,0.02446,0.12086,0.01998,0.75735,0.97846,0.07399,0.2339,0,0.000672189,0.000672189,0.000672189
41,2033.06,0.02555,0.12783,0.01965,0.76413,0.97878,0.07277,0.22602,0,0.000668066,0.000668066,0.000668066
42,2082.3,0.02439,0.11735,0.01955,0.79191,0.97991,0.06939,0.20504,0,0.000663943,0.000663943,0.000663943
43,2117.05,0.02392,0.15996,0.01899,0.79197,0.98065,0.0691,0.20352,0,0.000659819,0.000659819,0.000659819
44,2153.45,0.02275,0.17296,0.01825,0.79221,0.98109,0.06929,0.20333,0,0.000655696,0.000655696,0.000655696
45,2201.24,0.02523,0.14405,0.01934,0.78779,0.9811,0.06995,0.2066,0,0.000651573,0.000651573,0.000651573
46,2254.19,0.02486,0.14993,0.01852,0.77754,0.97975,0.07524,0.2102,0,0.000647449,0.000647449,0.000647449
47,2303.61,0.02242,0.1464,0.01819,0.77305,0.97906,0.07907,0.21227,0,0.000643326,0.000643326,0.000643326
48,2352.2,0.0236,0.10625,0.01765,0.76097,0.97562,0.08815,0.21774,0,0.000639203,0.000639203,0.000639203
49,2405.1,0.02386,0.14815,0.01816,0.7688,0.97761,0.08543,0.21174,0,0.000635079,0.000635079,0.000635079
50,2457.94,0.02284,0.12041,0.01711,0.76872,0.97647,0.08302,0.21756,0,0.000630956,0.000630956,0.000630956
51,2505.12,0.02055,0.15329,0.01616,0.76703,0.97706,0.08227,0.22166,0,0.000626832,0.000626832,0.000626832
52,2553.87,0.02251,0.12987,0.0169,0.76322,0.97614,0.08628,0.23084,0,0.000622709,0.000622709,0.000622709
53,2607.94,0.02184,0.12255,0.01664,0.75725,0.97587,0.08908,0.23782,0,0.000618586,0.000618586,0.000618586
54,2662.54,0.02207,0.12868,0.01701,0.75814,0.97689,0.08844,0.23925,0,0.000614462,0.000614462,0.000614462
55,2722.68,0.02173,0.09944,0.01637,0.76263,0.97751,0.08483,0.23374,0,0.000610339,0.000610339,0.000610339
56,2784.98,0.02275,0.1211,0.0162,0.77682,0.97943,0.07628,0.22508,0,0.000606216,0.000606216,0.000606216
57,2837.37,0.0212,0.10714,0.01562,0.77734,0.98004,0.0733,0.2271,0,0.000602092,0.000602092,0.000602092
58,2892.5,0.02055,0.09506,0.01515,0.75889,0.97954,0.07779,0.24368,0,0.000597969,0.000597969,0.000597969
59,2947.82,0.01869,0.10694,0.0145,0.75996,0.97944,0.0778,0.24086,0,0.000593846,0.000593846,0.000593846
60,2999.85,0.01893,0.11191,0.01456,0.75569,0.97918,0.07726,0.23705,0,0.000589722,0.000589722,0.000589722
61,3051.82,0.0197,0.1394,0.01497,0.74973,0.9784,0.07864,0.23255,0,0.000585599,0.000585599,0.000585599
62,3104.15,0.02063,0.10987,0.01526,0.77183,0.97879,0.07413,0.20967,0,0.000581476,0.000581476,0.000581476
63,3151.24,0.01854,0.12899,0.01431,0.7893,0.98065,0.06788,0.19804,0,0.000577352,0.000577352,0.000577352
64,3206.25,0.01906,0.11987,0.01433,0.79669,0.98193,0.06396,0.1903,0,0.000573229,0.000573229,0.000573229
65,3264.84,0.01803,0.10444,0.01381,0.78186,0.98178,0.06604,0.19527,0,0.000569106,0.000569106,0.000569106
66,3318.71,0.01937,0.09251,0.01442,0.79587,0.98157,0.0638,0.18899,0,0.000564982,0.000564982,0.000564982
67,3370.23,0.01902,0.09383,0.01474,0.80459,0.9812,0.06387,0.18434,0,0.000560859,0.000560859,0.000560859
68,3416.58,0.0185,0.07233,0.01369,0.80028,0.97986,0.06975,0.19046,0,0.000556736,0.000556736,0.000556736
69,3465.49,0.01755,0.09429,0.01346,0.78571,0.97962,0.06916,0.2064,0,0.000552612,0.000552612,0.000552612
70,3522.13,0.01787,0.12043,0.01345,0.77773,0.98004,0.07294,0.22264,0,0.000548489,0.000548489,0.000548489
71,3574.38,0.01761,0.07902,0.01324,0.7888,0.97992,0.07462,0.22063,0,0.000544365,0.000544365,0.000544365
72,3627.07,0.01782,0.12051,0.01324,0.79291,0.97998,0.07433,0.21877,0,0.000540242,0.000540242,0.000540242
73,3679.59,0.01791,0.11539,0.0131,0.79269,0.98072,0.07379,0.22025,0,0.000536119,0.000536119,0.000536119
74,3734.12,0.01745,0.11929,0.01292,0.78788,0.98216,0.07371,0.22461,0,0.000531995,0.000531995,0.000531995
75,3782.03,0.01726,0.10895,0.01282,0.78559,0.9821,0.07566,0.22621,0,0.000527872,0.000527872,0.000527872
76,3841.56,0.01817,0.13887,0.01305,0.78363,0.98188,0.07701,0.22643,0,0.000523749,0.000523749,0.000523749
77,3907.89,0.01793,0.1155,0.01297,0.77897,0.98149,0.07817,0.22692,0,0.000519625,0.000519625,0.000519625
78,3959.86,0.01742,0.11817,0.01263,0.76921,0.98087,0.08299,0.232,0,0.000515502,0.000515502,0.000515502
79,4001.43,0.01752,0.11374,0.01248,0.75748,0.98072,0.08458,0.23785,0,0.000511379,0.000511379,0.000511379
80,4037.17,0.01722,0.11453,0.01275,0.7441,0.98105,0.08288,0.2437,0,0.000507255,0.000507255,0.000507255
81,4072.36,0.01702,0.09618,0.01255,0.73574,0.98103,0.08108,0.24893,0,0.000503132,0.000503132,0.000503132
82,4106.3,0.01723,0.12277,0.01226,0.72844,0.9813,0.08127,0.25357,0,0.000499009,0.000499009,0.000499009
83,4140.64,0.01649,0.07015,0.01178,0.73815,0.98151,0.07917,0.24842,0,0.000494885,0.000494885,0.000494885
84,4174.91,0.01629,0.08453,0.01168,0.74808,0.98177,0.0784,0.24443,0,0.000490762,0.000490762,0.000490762
85,4208.47,0.0165,0.09559,0.01186,0.75606,0.98232,0.07681,0.23862,0,0.000486639,0.000486639,0.000486639
86,4242.83,0.01651,0.10392,0.01202,0.76372,0.98272,0.07534,0.22958,0,0.000482515,0.000482515,0.000482515
87,4277.91,0.01612,0.07189,0.01202,0.77338,0.98288,0.07197,0.22073,0,0.000478392,0.000478392,0.000478392
88,4319.99,0.01591,0.06719,0.01156,0.78577,0.98316,0.07088,0.21358,0,0.000474269,0.000474269,0.000474269
89,4354.19,0.01608,0.10957,0.01141,0.78559,0.98317,0.07121,0.21222,0,0.000470145,0.000470145,0.000470145
90,4386.86,0.01561,0.11468,0.01136,0.79626,0.98379,0.06882,0.20521,0,0.000466022,0.000466022,0.000466022
91,4419.41,0.01539,0.10669,0.01146,0.79774,0.98393,0.06864,0.20461,0,0.000461898,0.000461898,0.000461898
92,4451.51,0.01536,0.08395,0.01135,0.79549,0.98395,0.06919,0.20582,0,0.000457775,0.000457775,0.000457775
93,4483.15,0.01593,0.09517,0.01141,0.78968,0.98361,0.06937,0.20782,0,0.000453652,0.000453652,0.000453652
94,4514.51,0.01549,0.15612,0.01154,0.78912,0.98342,0.07142,0.20835,0,0.000449528,0.000449528,0.000449528
95,4545.38,0.01586,0.08796,0.0116,0.78789,0.98358,0.07109,0.20806,0,0.000445405,0.000445405,0.000445405
96,4576.85,0.01539,0.10804,0.01147,0.78733,0.98359,0.06982,0.20772,0,0.000441282,0.000441282,0.000441282
97,4607.9,0.01535,0.08519,0.01117,0.78722,0.98354,0.06707,0.20669,0,0.000437158,0.000437158,0.000437158
