epoch,time,train/ce_loss,train/dice_loss,train/aux_loss,metrics/mIoU,metrics/pixel_acc,val/ce_loss,val/dice_loss,val/aux_loss,lr/pg0,lr/pg1,lr/pg2
1,9.6499,1.53633,0.85918,0.80959,0.16993,0.53268,1.19738,0.82854,0,0.00017,0.00017,0.00017
2,20.1291,0.92127,0.78442,0.68167,0.2384,0.70679,0.95636,0.78305,0,0.000346535,0.000346535,0.000346535
3,30.3112,0.69068,0.74815,0.54302,0.2416,0.81104,0.69819,0.73517,0,0.000519506,0.000519506,0.000519506
4,40.7652,0.49815,0.71763,0.40121,0.2416,0.81104,0.69819,0.73517,0,0.000688913,0.000688913,0.000688913
5,50.8418,0.42016,0.70064,0.315,0.27141,0.87617,0.50508,0.7101,0,0.000854756,0.000854756,0.000854756
6,61.0165,0.38879,0.69581,0.27236,0.27141,0.87617,0.50508,0.7101,0,0.0009505,0.0009505,0.0009505
7,71.8003,0.30389,0.67293,0.18396,0.32335,0.93633,0.30377,0.67888,0,0.0009406,0.0009406,0.0009406
8,81.9314,0.25739,0.66177,0.15739,0.36009,0.95665,0.22336,0.65175,0,0.0009307,0.0009307,0.0009307
9,92.4041,0.19466,0.63526,0.11646,0.36009,0.95665,0.22336,0.65175,0,0.0009208,0.0009208,0.0009208
10,102.791,0.18163,0.62714,0.11431,0.39572,0.95814,0.18527,0.6246,0,0.0009109,0.0009109,0.0009109
11,113.122,0.14835,0.5895,0.10122,0.39572,0.95814,0.18527,0.6246,0,0.000901,0.000901,0.000901
12,123.732,0.13532,0.57084,0.09254,0.4198,0.95382,0.17818,0.59519,0,0.0008911,0.0008911,0.0008911
13,134.002,0.13069,0.53554,0.08791,0.4198,0.95382,0.17818,0.59519,0,0.0008812,0.0008812,0.0008812
14,144.079,0.1126,0.51135,0.0798,0.41613,0.94605,0.19119,0.57384,0,0.0008713,0.0008713,0.0008713
15,154.308,0.11257,0.49412,0.08203,0.41613,0.94605,0.19119,0.57384,0,0.0008614,0.0008614,0.0008614
16,164.609,0.09749,0.46829,0.07535,0.41793,0.94471,0.19615,0.55482,0,0.0008515,0.0008515,0.0008515
17,175.068,0.09303,0.47163,0.07384,0.42654,0.95157,0.16536,0.53048,0,0.0008416,0.0008416,0.0008416
18,185.412,0.08116,0.44345,0.06865,0.42654,0.95157,0.16536,0.53048,0,0.0008317,0.0008317,0.0008317
19,195.903,0.07725,0.43286,0.0665,0.45918,0.95681,0.14854,0.51003,0,0.0008218,0.0008218,0.0008218
20,206.42,0.07371,0.42842,0.06361,0.45918,0.95681,0.14854,0.51003,0,0.0008119,0.0008119,0.0008119
21,216.808,0.0744,0.41762,0.06265,0.45653,0.95567,0.14898,0.49056,0,0.000802,0.000802,0.000802
22,227.016,0.06693,0.40654,0.05591,0.45653,0.95567,0.14898,0.49056,0,0.0007921,0.0007921,0.0007921
23,238.992,0.06546,0.39665,0.05449,0.45457,0.95375,0.15062,0.49014,0,0.0007822,0.0007822,0.0007822
24,250.213,0.06226,0.37989,0.05331,0.48102,0.95962,0.13514,0.47115,0,0.0007723,0.0007723,0.0007723
25,260.915,0.0596,0.37122,0.04999,0.48102,0.95962,0.13514,0.47115,0,0.0007624,0.0007624,0.0007624
26,271.392,0.05794,0.36612,0.04955,0.54631,0.96472,0.12181,0.44707,0,0.0007525,0.0007525,0.0007525
27,281.928,0.05513,0.35096,0.04838,0.54631,0.96472,0.12181,0.44707,0,0.0007426,0.0007426,0.0007426
28,292.455,0.05341,0.3597,0.04768,0.52877,0.96414,0.12348,0.44212,0,0.0007327,0.0007327,0.0007327
29,303,0.05347,0.34637,0.04655,0.52877,0.96414,0.12348,0.44212,0,0.0007228,0.0007228,0.0007228
30,313.272,0.04937,0.35313,0.04332,0.56423,0.96602,0.12291,0.43861,0,0.0007129,0.0007129,0.0007129
31,323.818,0.04575,0.33634,0.04221,0.56423,0.96602,0.12291,0.43861,0,0.000703,0.000703,0.000703
32,334.037,0.04703,0.33802,0.04267,0.60783,0.96846,0.11843,0.42229,0,0.0006931,0.0006931,0.0006931
33,344.249,0.04766,0.34021,0.04264,0.61983,0.97034,0.11125,0.40819,0,0.0006832,0.0006832,0.0006832
34,355.423,0.04427,0.32556,0.04003,0.61983,0.97034,0.11125,0.40819,0,0.0006733,0.0006733,0.0006733
35,366.413,0.04502,0.32799,0.03968,0.63392,0.97201,0.10547,0.3942,0,0.0006634,0.0006634,0.0006634
36,376.961,0.04526,0.31488,0.03967,0.63392,0.97201,0.10547,0.3942,0,0.0006535,0.0006535,0.0006535
37,387.547,0.04052,0.31789,0.03753,0.63214,0.97256,0.10164,0.38967,0,0.0006436,0.0006436,0.0006436
38,398.905,0.04029,0.29416,0.03711,0.63214,0.97256,0.10164,0.38967,0,0.0006337,0.0006337,0.0006337
39,409.769,0.03918,0.31569,0.03477,0.63606,0.97327,0.09847,0.38098,0,0.0006238,0.0006238,0.0006238
40,420.392,0.03987,0.30839,0.03471,0.62898,0.9719,0.10217,0.38016,0,0.0006139,0.0006139,0.0006139
41,431.039,0.03993,0.32864,0.03457,0.62898,0.9719,0.10217,0.38016,0,0.000604,0.000604,0.000604
42,441.183,0.03807,0.29542,0.03298,0.62802,0.97135,0.10432,0.37669,0,0.0005941,0.0005941,0.0005941
43,451.349,0.03698,0.30441,0.03151,0.62802,0.97135,0.10432,0.37669,0,0.0005842,0.0005842,0.0005842
44,461.878,0.0348,0.30808,0.03182,0.64546,0.9733,0.09452,0.36813,0,0.0005743,0.0005743,0.0005743
45,472.257,0.03678,0.29771,0.03323,0.64546,0.9733,0.09452,0.36813,0,0.0005644,0.0005644,0.0005644
46,482.558,0.03504,0.30451,0.03176,0.65581,0.9747,0.08923,0.36533,0,0.0005545,0.0005545,0.0005545
47,493.064,0.03114,0.27291,0.02886,0.65581,0.9747,0.08923,0.36533,0,0.0005446,0.0005446,0.0005446
48,503.604,0.03468,0.28002,0.02973,0.64611,0.97388,0.09093,0.37721,0,0.0005347,0.0005347,0.0005347
49,513.976,0.0337,0.30384,0.0291,0.63896,0.97291,0.09322,0.394,0,0.0005248,0.0005248,0.0005248
50,524.351,0.03357,0.31059,0.02929,0.63896,0.97291,0.09322,0.394,0,0.0005149,0.0005149,0.0005149
51,534.896,0.03261,0.28992,0.02848,0.63995,0.97246,0.09305,0.39902,0,0.000505,0.000505,0.000505
52,545.19,0.03014,0.27707,0.02696,0.63995,0.97246,0.09305,0.39902,0,0.0004951,0.0004951,0.0004951
53,556.195,0.03024,0.28014,0.02692,0.64089,0.97281,0.09111,0.40001,0,0.0004852,0.0004852,0.0004852
54,566.56,0.02796,0.28102,0.02619,0.64089,0.97281,0.09111,0.40001,0,0.0004753,0.0004753,0.0004753
55,578.089,0.02946,0.27564,0.02638,0.63863,0.97345,0.09076,0.40604,0,0.0004654,0.0004654,0.0004654
56,589.133,0.02935,0.29509,0.02601,0.64104,0.97416,0.08846,0.40554,0,0.0004555,0.0004555,0.0004555
57,599.51,0.02936,0.27874,0.0263,0.64104,0.97416,0.08846,0.40554,0,0.0004456,0.0004456,0.0004456
58,610.256,0.03003,0.27394,0.02564,0.64682,0.97499,0.08577,0.39931,0,0.0004357,0.0004357,0.0004357
59,620.432,0.02918,0.28198,0.02542,0.64682,0.97499,0.08577,0.39931,0,0.0004258,0.0004258,0.0004258
60,630.702,0.02843,0.26583,0.02427,0.6512,0.97575,0.08442,0.39497,0,0.0004159,0.0004159,0.0004159
61,641.018,0.029,0.26611,0.02454,0.6512,0.97575,0.08442,0.39497,0,0.000406,0.000406,0.000406
62,651.729,0.02692,0.27856,0.02381,0.65844,0.97628,0.08455,0.39243,0,0.0003961,0.0003961,0.0003961
63,663.815,0.02491,0.26366,0.0224,0.65844,0.97628,0.08455,0.39243,0,0.0003862,0.0003862,0.0003862
64,675.158,0.02438,0.27232,0.02262,0.67184,0.97657,0.08362,0.3702,0,0.0003763,0.0003763,0.0003763
65,685.738,0.02517,0.25783,0.02249,0.68003,0.97709,0.08401,0.35516,0,0.0003664,0.0003664,0.0003664
66,695.917,0.02812,0.26081,0.02364,0.68003,0.97709,0.08401,0.35516,0,0.0003565,0.0003565,0.0003565
67,706.331,0.02632,0.26881,0.02286,0.6801,0.97688,0.08463,0.35321,0,0.0003466,0.0003466,0.0003466
68,716.934,0.0237,0.25788,0.02164,0.6801,0.97688,0.08463,0.35321,0,0.0003367,0.0003367,0.0003367
69,727.252,0.0241,0.24627,0.02182,0.67678,0.97679,0.08159,0.3587,0,0.0003268,0.0003268,0.0003268
70,737.745,0.02649,0.26729,0.02223,0.67678,0.97679,0.08159,0.3587,0,0.0003169,0.0003169,0.0003169
71,748.144,0.02555,0.25839,0.02267,0.67373,0.976,0.08337,0.3576,0,0.000307,0.000307,0.000307
72,758.914,0.02241,0.2737,0.02065,0.67395,0.97566,0.08413,0.35468,0,0.0002971,0.0002971,0.0002971
73,769.446,0.02157,0.24548,0.02047,0.67395,0.97566,0.08413,0.35468,0,0.0002872,0.0002872,0.0002872
74,779.674,0.0246,0.26908,0.02107,0.6748,0.97555,0.0858,0.35453,0,0.0002773,0.0002773,0.0002773
75,790.288,0.02376,0.26855,0.02118,0.6748,0.97555,0.0858,0.35453,0,0.0002674,0.0002674,0.0002674
76,800.551,0.02456,0.23785,0.02125,0.67559,0.97597,0.08517,0.35324,0,0.0002575,0.0002575,0.0002575
77,811.041,0.02548,0.27498,0.02142,0.67559,0.97597,0.08517,0.35324,0,0.0002476,0.0002476,0.0002476
78,821.69,0.02338,0.24768,0.02046,0.67747,0.97626,0.08423,0.35368,0,0.0002377,0.0002377,0.0002377
79,832.234,0.02242,0.254,0.02093,0.67747,0.97626,0.08423,0.35368,0,0.0002278,0.0002278,0.0002278
80,842.54,0.02255,0.24473,0.02,0.67448,0.97576,0.08538,0.35314,0,0.0002179,0.0002179,0.0002179
81,852.729,0.02248,0.25588,0.02047,0.67357,0.97555,0.08707,0.35171,0,0.000208,0.000208,0.000208
82,863.477,0.02188,0.24398,0.01951,0.67357,0.97555,0.08707,0.35171,0,0.0001981,0.0001981,0.0001981
83,873.627,0.02224,0.24879,0.01957,0.67482,0.97535,0.09092,0.34928,0,0.0001882,0.0001882,0.0001882
84,883.578,0.02217,0.2397,0.02052,0.67482,0.97535,0.09092,0.34928,0,0.0001783,0.0001783,0.0001783
85,893.864,0.02087,0.24794,0.01926,0.6719,0.97485,0.09469,0.35342,0,0.0001684,0.0001684,0.0001684
86,904.25,0.02215,0.25062,0.01957,0.6719,0.97485,0.09469,0.35342,0,0.0001585,0.0001585,0.0001585
87,914.799,0.02267,0.24279,0.01995,0.6712,0.97453,0.09551,0.3553,0,0.0001486,0.0001486,0.0001486
88,925.053,0.02127,0.25369,0.01896,0.67312,0.97489,0.09494,0.35383,0,0.0001387,0.0001387,0.0001387
89,935.663,0.02224,0.25025,0.01918,0.67312,0.97489,0.09494,0.35383,0,0.0001288,0.0001288,0.0001288
90,945.818,0.02081,0.23876,0.01908,0.67215,0.97507,0.09296,0.3543,0,0.0001189,0.0001189,0.0001189
91,956.046,0.02035,0.21428,0.01868,0.67215,0.97507,0.09296,0.3543,0,0.000109,0.000109,0.000109
92,966.403,0.02034,0.24116,0.01841,0.67257,0.97486,0.09157,0.35381,0,9.91e-05,9.91e-05,9.91e-05
93,976.911,0.02314,0.27726,0.02062,0.67257,0.97486,0.09157,0.35381,0,8.92e-05,8.92e-05,8.92e-05
94,987.105,0.02104,0.24669,0.0187,0.66729,0.97519,0.09025,0.3607,0,7.93e-05,7.93e-05,7.93e-05
95,997.254,0.02173,0.26084,0.01955,0.66729,0.97519,0.09025,0.3607,0,6.94e-05,6.94e-05,6.94e-05
96,1008.39,0.02024,0.23805,0.01824,0.67047,0.9753,0.09038,0.3567,0,5.95e-05,5.95e-05,5.95e-05
97,1018.92,0.02068,0.25094,0.01887,0.67305,0.97541,0.09125,0.35492,0,4.96e-05,4.96e-05,4.96e-05
